"creature_id","creature_type","power_level"
1,"dragon",66
2,"dragon",43
3,"dragon",54
4,"dragon",58
5,"dragon",55
6,"dragon",49
7,"dragon",68
8,"dragon",49
9,"dragon",74
10,"dragon",49
11,"dragon",66
12,"dragon",33
13,"dragon",47
14,"dragon",48
15,"dragon",58
16,"dragon",47
17,"dragon",66
18,"dragon",46
19,"dragon",29
20,"dragon",48
21,"dragon",65
22,"dragon",73
23,"dragon",45
24,"dragon",47
25,"dragon",29
26,"dragon",56
27,"dragon",42
28,"dragon",55
29,"dragon",58
30,"dragon",62
31,"dragon",43
32,"dragon",56
33,"dragon",29
34,"dragon",41
35,"dragon",40
36,"dragon",50
37,"dragon",52
38,"dragon",46
39,"dragon",59
40,"dragon",41
41,"dragon",34
42,"dragon",55
43,"dragon",40
44,"dragon",67
45,"dragon",45
46,"dragon",58
47,"dragon",54
48,"dragon",41
49,"dragon",69
50,"dragon",58
51,"dragon",51
52,"dragon",53
53,"dragon",58
54,"dragon",51
55,"dragon",53
56,"dragon",46
57,"dragon",52
58,"dragon",57
59,"dragon",67
60,"dragon",41
61,"dragon",66
62,"dragon",54
63,"dragon",62
64,"dragon",61
65,"dragon",59
66,"dragon",37
67,"dragon",49
68,"dragon",57
69,"dragon",39
70,"dragon",43
71,"dragon",57
72,"dragon",59
73,"dragon",56
74,"dragon",39
75,"dragon",37
76,"dragon",68
77,"dragon",53
78,"dragon",51
79,"dragon",49
80,"dragon",36
81,"dragon",57
82,"dragon",47
83,"dragon",48
84,"dragon",61
85,"dragon",60
86,"dragon",67
87,"dragon",44
88,"dragon",58
89,"dragon",67
90,"dragon",37
91,"dragon",40
92,"dragon",36
93,"dragon",32
94,"dragon",51
95,"dragon",58
96,"dragon",64
97,"dragon",63
98,"dragon",38
99,"dragon",72
100,"dragon",42
101,"dragon",51
102,"dragon",45
103,"dragon",49
104,"dragon",52
105,"dragon",51
106,"dragon",50
107,"dragon",51
108,"dragon",44
109,"dragon",44
110,"dragon",30
111,"dragon",45
112,"dragon",44
113,"dragon",34
114,"dragon",52
115,"dragon",32
116,"dragon",32
117,"dragon",51
118,"dragon",38
119,"dragon",50
120,"dragon",45
121,"dragon",43
122,"dragon",26
123,"dragon",35
124,"dragon",52
125,"dragon",57
126,"dragon",44
127,"dragon",50
128,"dragon",63
129,"dragon",67
130,"dragon",37
131,"dragon",49
132,"dragon",64
133,"dragon",44
134,"dragon",49
135,"dragon",49
136,"dragon",39
137,"dragon",45
138,"dragon",50
139,"dragon",45
140,"dragon",63
141,"dragon",44
142,"dragon",45
143,"dragon",58
144,"dragon",37
145,"dragon",50
146,"dragon",31
147,"dragon",64
148,"dragon",47
149,"dragon",44
150,"dragon",35
151,"dragon",50
152,"dragon",40
153,"dragon",44
154,"dragon",65
155,"dragon",48
156,"dragon",37
157,"dragon",52
158,"dragon",46
159,"dragon",57
160,"dragon",67
161,"dragon",38
162,"dragon",55
163,"dragon",51
164,"dragon",61
165,"dragon",47
166,"dragon",60
167,"dragon",29
168,"dragon",70
169,"dragon",60
170,"dragon",48
171,"dragon",33
172,"dragon",58
173,"dragon",56
174,"dragon",50
175,"dragon",52
176,"dragon",43
177,"dragon",54
178,"dragon",54
179,"dragon",47
180,"dragon",34
181,"dragon",58
182,"dragon",57
183,"dragon",40
184,"dragon",31
185,"dragon",52
186,"dragon",46
187,"dragon",53
188,"dragon",34
189,"dragon",38
190,"dragon",63
191,"dragon",55
192,"dragon",57
193,"dragon",72
194,"dragon",52
195,"dragon",26
196,"dragon",54
197,"dragon",64
198,"dragon",75
199,"dragon",33
200,"dragon",36
201,"dragon",42
202,"dragon",37
203,"dragon",42
204,"dragon",48
205,"dragon",36
206,"dragon",74
207,"dragon",51
208,"dragon",49
209,"dragon",56
210,"dragon",50
211,"dragon",48
212,"dragon",68
213,"dragon",47
214,"dragon",35
215,"dragon",55
216,"dragon",46
217,"dragon",44
218,"dragon",37
219,"dragon",55
220,"dragon",48
221,"dragon",56
222,"dragon",47
223,"dragon",42
224,"dragon",65
225,"dragon",47
226,"dragon",61
227,"dragon",36
228,"dragon",44
229,"dragon",47
230,"dragon",45
231,"dragon",66
232,"dragon",50
233,"dragon",53
234,"dragon",39
235,"dragon",41
236,"dragon",62
237,"dragon",65
238,"dragon",65
239,"dragon",33
240,"dragon",75
241,"dragon",62
242,"dragon",50
243,"dragon",58
244,"dragon",38
245,"dragon",37
246,"dragon",51
247,"dragon",36
248,"dragon",52
249,"dragon",66
250,"dragon",38
251,"dragon",41
252,"dragon",51
253,"dragon",38
254,"dragon",45
255,"dragon",60
256,"dragon",62
257,"dragon",55
258,"dragon",28
259,"dragon",49
260,"dragon",63
261,"dragon",60
262,"dragon",48
263,"dragon",51
264,"dragon",57
265,"dragon",51
266,"dragon",52
267,"dragon",55
268,"dragon",45
269,"dragon",66
270,"dragon",56
271,"dragon",35
272,"dragon",67
273,"dragon",64
274,"dragon",60
275,"dragon",30
276,"dragon",43
277,"dragon",58
278,"dragon",51
279,"dragon",54
280,"dragon",40
281,"dragon",53
282,"dragon",42
283,"dragon",55
284,"dragon",40
285,"dragon",49
286,"dragon",44
287,"dragon",48
288,"dragon",60
289,"dragon",51
290,"dragon",30
291,"dragon",50
292,"dragon",59
293,"dragon",50
294,"dragon",59
295,"dragon",48
296,"dragon",49
297,"dragon",56
298,"dragon",62
299,"dragon",35
300,"dragon",50
301,"dragon",49
302,"dragon",41
303,"dragon",38
304,"dragon",42
305,"dragon",57
306,"dragon",45
307,"dragon",41
308,"dragon",52
309,"dragon",35
310,"dragon",63
311,"dragon",44
312,"dragon",52
313,"dragon",51
314,"dragon",50
315,"dragon",72
316,"dragon",40
317,"dragon",64
318,"dragon",50
319,"dragon",40
320,"dragon",49
321,"dragon",59
322,"dragon",45
323,"dragon",41
324,"dragon",52
325,"dragon",62
326,"dragon",49
327,"dragon",33
328,"dragon",34
329,"dragon",41
330,"dragon",44
331,"dragon",50
332,"dragon",58
333,"dragon",45
334,"dragon",37
335,"dragon",57
336,"dragon",53
337,"dragon",64
338,"dragon",30
339,"dragon",51
340,"dragon",66
341,"dragon",59
342,"dragon",40
343,"dragon",59
344,"dragon",40
345,"dragon",45
346,"dragon",64
347,"dragon",47
348,"dragon",60
349,"dragon",47
350,"dragon",31
351,"dragon",40
352,"dragon",37
353,"dragon",44
354,"dragon",46
355,"dragon",48
356,"dragon",47
357,"dragon",73
358,"dragon",33
359,"dragon",45
360,"dragon",54
361,"dragon",70
362,"dragon",51
363,"dragon",65
364,"dragon",30
365,"dragon",67
366,"dragon",42
367,"dragon",47
368,"dragon",37
369,"dragon",52
370,"dragon",71
371,"dragon",37
372,"dragon",56
373,"dragon",67
374,"dragon",48
375,"dragon",47
376,"dragon",46
377,"dragon",57
378,"dragon",67
379,"dragon",58
380,"dragon",54
381,"dragon",46
382,"dragon",56
383,"dragon",43
384,"dragon",47
385,"dragon",63
386,"dragon",55
387,"dragon",53
388,"dragon",47
389,"dragon",61
390,"dragon",66
391,"dragon",40
392,"dragon",51
393,"dragon",51
394,"dragon",43
395,"dragon",38
396,"dragon",50
397,"dragon",58
398,"dragon",68
399,"dragon",27
400,"dragon",42
401,"dragon",46
402,"dragon",30
403,"dragon",41
404,"dragon",41
405,"dragon",41
406,"dragon",53
407,"dragon",42
408,"dragon",68
409,"dragon",60
410,"dragon",33
411,"dragon",51
412,"dragon",43
413,"dragon",61
414,"dragon",51
415,"dragon",43
416,"dragon",55
417,"dragon",52
418,"dragon",48
419,"dragon",74
420,"dragon",44
421,"dragon",44
422,"dragon",31
423,"dragon",50
424,"dragon",61
425,"dragon",25
426,"dragon",47
427,"dragon",36
428,"dragon",67
429,"dragon",66
430,"dragon",54
431,"dragon",67
432,"dragon",40
433,"dragon",61
434,"dragon",43
435,"dragon",54
436,"dragon",46
437,"dragon",47
438,"dragon",57
439,"dragon",34
440,"dragon",47
441,"dragon",52
442,"dragon",45
443,"dragon",51
444,"dragon",46
445,"dragon",69
446,"dragon",59
447,"dragon",40
448,"dragon",60
449,"dragon",54
450,"dragon",37
451,"dragon",38
452,"dragon",50
453,"dragon",66
454,"dragon",59
455,"dragon",42
456,"dragon",50
457,"dragon",33
458,"dragon",58
459,"dragon",52
460,"dragon",45
461,"dragon",44
462,"dragon",47
463,"dragon",54
464,"dragon",55
465,"dragon",47
466,"dragon",27
467,"dragon",33
468,"dragon",32
469,"dragon",59
470,"dragon",47
471,"dragon",53
472,"dragon",31
473,"dragon",44
474,"dragon",57
475,"dragon",48
476,"dragon",49
477,"dragon",49
478,"dragon",65
479,"dragon",43
480,"dragon",58
481,"dragon",61
482,"dragon",36
483,"dragon",51
484,"dragon",50
485,"dragon",62
486,"dragon",61
487,"dragon",50
488,"dragon",52
489,"dragon",41
490,"dragon",48
491,"dragon",38
492,"dragon",38
493,"dragon",35
494,"dragon",60
495,"dragon",63
496,"dragon",45
497,"dragon",36
498,"dragon",49
499,"dragon",74
500,"dragon",29
501,"dragon",46
502,"dragon",68
503,"dragon",50
504,"dragon",69
505,"dragon",46
506,"dragon",57
507,"dragon",53
508,"dragon",61
509,"dragon",36
510,"dragon",43
511,"dragon",54
512,"dragon",27
513,"dragon",28
514,"dragon",37
515,"dragon",46
516,"dragon",65
517,"dragon",47
518,"dragon",52
519,"dragon",49
520,"dragon",42
521,"dragon",66
522,"dragon",37
523,"dragon",47
524,"dragon",46
525,"dragon",56
526,"dragon",69
527,"dragon",56
528,"dragon",67
529,"dragon",59
530,"dragon",43
531,"dragon",51
532,"dragon",67
533,"dragon",31
534,"dragon",54
535,"dragon",48
536,"dragon",61
537,"dragon",59
538,"dragon",54
539,"dragon",68
540,"dragon",32
541,"dragon",61
542,"dragon",31
543,"dragon",57
544,"dragon",51
545,"dragon",62
546,"dragon",51
547,"dragon",31
548,"dragon",26
549,"dragon",56
550,"dragon",49
551,"dragon",43
552,"dragon",46
553,"dragon",42
554,"dragon",48
555,"dragon",39
556,"dragon",26
557,"dragon",47
558,"dragon",63
559,"dragon",73
560,"dragon",50
561,"dragon",49
562,"dragon",62
563,"dragon",51
564,"dragon",45
565,"dragon",29
566,"dragon",35
567,"dragon",55
568,"dragon",32
569,"dragon",63
570,"dragon",34
571,"dragon",48
572,"dragon",50
573,"dragon",50
574,"dragon",52
575,"dragon",57
576,"dragon",48
577,"dragon",47
578,"dragon",52
579,"dragon",45
580,"dragon",68
581,"dragon",62
582,"dragon",47
583,"dragon",55
584,"dragon",62
585,"dragon",60
586,"dragon",42
587,"dragon",69
588,"dragon",31
589,"dragon",60
590,"dragon",44
591,"dragon",27
592,"dragon",28
593,"dragon",53
594,"dragon",53
595,"dragon",64
596,"dragon",60
597,"dragon",42
598,"dragon",61
599,"dragon",54
600,"dragon",52
601,"dragon",62
602,"dragon",59
603,"dragon",42
604,"dragon",55
605,"dragon",39
606,"dragon",58
607,"dragon",45
608,"dragon",55
609,"dragon",54
610,"dragon",47
611,"dragon",56
612,"dragon",57
613,"dragon",47
614,"dragon",64
615,"dragon",67
616,"dragon",42
617,"dragon",41
618,"dragon",56
619,"dragon",39
620,"dragon",45
621,"dragon",60
622,"dragon",43
623,"dragon",27
624,"dragon",58
625,"dragon",31
626,"dragon",34
627,"dragon",60
628,"dragon",53
629,"dragon",56
630,"dragon",60
631,"dragon",49
632,"dragon",37
633,"dragon",57
634,"dragon",66
635,"dragon",32
636,"dragon",43
637,"dragon",46
638,"dragon",35
639,"dragon",58
640,"dragon",43
641,"dragon",65
642,"dragon",51
643,"dragon",59
644,"dragon",69
645,"dragon",53
646,"dragon",63
647,"dragon",53
648,"dragon",32
649,"dragon",50
650,"dragon",59
651,"dragon",56
652,"dragon",48
653,"dragon",35
654,"dragon",58
655,"dragon",39
656,"dragon",35
657,"dragon",57
658,"dragon",35
659,"dragon",53
660,"dragon",50
661,"dragon",34
662,"dragon",64
663,"dragon",43
664,"dragon",64
665,"dragon",44
666,"dragon",43
667,"dragon",50
668,"dragon",46
669,"dragon",46
670,"dragon",39
671,"dragon",35
672,"dragon",57
673,"dragon",40
674,"dragon",33
675,"dragon",44
676,"dragon",40
677,"dragon",47
678,"dragon",52
679,"dragon",54
680,"dragon",55
681,"dragon",38
682,"dragon",46
683,"dragon",38
684,"dragon",42
685,"dragon",35
686,"dragon",37
687,"dragon",58
688,"dragon",47
689,"dragon",47
690,"dragon",71
691,"dragon",49
692,"dragon",44
693,"dragon",59
694,"dragon",44
695,"dragon",66
696,"dragon",45
697,"dragon",43
698,"dragon",36
699,"dragon",54
700,"dragon",68
701,"dragon",46
702,"dragon",53
703,"dragon",54
704,"dragon",67
705,"dragon",58
706,"dragon",37
707,"dragon",42
708,"dragon",41
709,"dragon",52
710,"dragon",50
711,"dragon",54
712,"dragon",42
713,"dragon",45
714,"dragon",59
715,"dragon",49
716,"dragon",42
717,"dragon",62
718,"dragon",50
719,"dragon",39
720,"dragon",71
721,"dragon",36
722,"dragon",29
723,"dragon",58
724,"dragon",44
725,"dragon",47
726,"dragon",53
727,"dragon",44
728,"dragon",31
729,"dragon",27
730,"dragon",46
731,"dragon",52
732,"dragon",53
733,"dragon",55
734,"dragon",66
735,"dragon",52
736,"dragon",52
737,"dragon",57
738,"dragon",50
739,"dragon",49
740,"dragon",51
741,"dragon",59
742,"dragon",45
743,"dragon",44
744,"dragon",40
745,"dragon",39
746,"dragon",54
747,"dragon",69
748,"dragon",38
749,"dragon",48
750,"dragon",38
751,"dragon",61
752,"dragon",46
753,"dragon",52
754,"dragon",54
755,"dragon",37
756,"dragon",49
757,"dragon",47
758,"dragon",58
759,"dragon",35
760,"dragon",36
761,"dragon",59
762,"dragon",43
763,"dragon",42
764,"dragon",51
765,"dragon",46
766,"dragon",72
767,"dragon",53
768,"dragon",52
769,"dragon",61
770,"dragon",49
771,"dragon",51
772,"dragon",37
773,"dragon",36
774,"dragon",51
775,"dragon",38
776,"dragon",58
777,"dragon",59
778,"dragon",53
779,"dragon",48
780,"dragon",34
781,"dragon",46
782,"dragon",45
783,"dragon",58
784,"dragon",66
785,"dragon",56
786,"dragon",36
787,"dragon",70
788,"dragon",62
789,"dragon",53
790,"dragon",39
791,"dragon",49
792,"dragon",59
793,"dragon",36
794,"dragon",47
795,"dragon",47
796,"dragon",42
797,"dragon",46
798,"dragon",59
799,"dragon",40
800,"dragon",25
801,"dragon",51
802,"dragon",50
803,"dragon",50
804,"dragon",58
805,"dragon",50
806,"dragon",59
807,"dragon",26
808,"dragon",36
809,"dragon",54
810,"dragon",46
811,"dragon",61
812,"dragon",38
813,"dragon",59
814,"dragon",42
815,"dragon",37
816,"dragon",46
817,"dragon",51
818,"dragon",35
819,"dragon",41
820,"dragon",35
821,"dragon",62
822,"dragon",59
823,"dragon",38
824,"dragon",57
825,"dragon",47
826,"dragon",37
827,"dragon",55
828,"dragon",46
829,"dragon",61
830,"dragon",48
831,"dragon",64
832,"dragon",44
833,"dragon",53
834,"dragon",54
835,"dragon",53
836,"dragon",52
837,"dragon",50
838,"dragon",49
839,"dragon",66
840,"dragon",61
841,"dragon",43
842,"dragon",67
843,"dragon",52
844,"dragon",42
845,"dragon",52
846,"dragon",48
847,"dragon",51
848,"dragon",38
849,"dragon",40
850,"dragon",66
851,"dragon",62
852,"dragon",39
853,"dragon",39
854,"dragon",71
855,"dragon",73
856,"dragon",41
857,"dragon",34
858,"dragon",53
859,"dragon",52
860,"dragon",51
861,"dragon",67
862,"dragon",48
863,"dragon",68
864,"dragon",47
865,"dragon",56
866,"dragon",38
867,"dragon",52
868,"dragon",64
869,"dragon",48
870,"dragon",65
871,"dragon",61
872,"dragon",47
873,"dragon",51
874,"dragon",45
875,"dragon",51
876,"dragon",51
877,"dragon",53
878,"dragon",31
879,"dragon",53
880,"dragon",52
881,"dragon",65
882,"dragon",56
883,"dragon",63
884,"dragon",39
885,"dragon",49
886,"dragon",52
887,"dragon",53
888,"dragon",42
889,"dragon",68
890,"dragon",43
891,"dragon",31
892,"dragon",55
893,"dragon",58
894,"dragon",61
895,"dragon",39
896,"dragon",47
897,"dragon",34
898,"dragon",60
899,"dragon",54
900,"dragon",61
901,"dragon",57
902,"dragon",43
903,"dragon",52
904,"dragon",27
905,"dragon",56
906,"dragon",62
907,"dragon",39
908,"dragon",32
909,"dragon",37
910,"dragon",65
911,"dragon",50
912,"dragon",35
913,"dragon",57
914,"dragon",47
915,"dragon",63
916,"dragon",46
917,"dragon",66
918,"dragon",72
919,"dragon",36
920,"dragon",36
921,"dragon",39
922,"dragon",56
923,"dragon",60
924,"dragon",65
925,"dragon",66
926,"dragon",63
927,"dragon",61
928,"dragon",52
929,"dragon",39
930,"dragon",41
931,"dragon",55
932,"dragon",70
933,"dragon",70
934,"dragon",27
935,"dragon",40
936,"dragon",67
937,"dragon",37
938,"dragon",31
939,"dragon",57
940,"dragon",71
941,"dragon",73
942,"dragon",56
943,"dragon",59
944,"dragon",57
945,"dragon",50
946,"dragon",59
947,"dragon",45
948,"dragon",62
949,"dragon",42
950,"dragon",30
951,"dragon",65
952,"dragon",52
953,"dragon",61
954,"dragon",63
955,"dragon",59
956,"dragon",43
957,"dragon",46
958,"dragon",63
959,"dragon",63
960,"dragon",57
961,"dragon",38
962,"dragon",70
963,"dragon",34
964,"dragon",45
965,"dragon",56
966,"dragon",62
967,"dragon",55
968,"dragon",38
969,"dragon",43
970,"dragon",52
971,"dragon",40
972,"dragon",60
973,"dragon",46
974,"dragon",47
975,"dragon",60
976,"dragon",43
977,"dragon",58
978,"dragon",33
979,"dragon",35
980,"dragon",30
981,"dragon",51
982,"dragon",48
983,"dragon",67
984,"dragon",49
985,"dragon",66
986,"dragon",73
987,"dragon",44
988,"dragon",55
989,"dragon",40
990,"dragon",59
991,"dragon",37
992,"dragon",38
993,"dragon",53
994,"dragon",51
995,"dragon",53
996,"dragon",51
997,"dragon",44
998,"dragon",48
999,"dragon",69
1000,"dragon",50
1001,"unicorn",76
1002,"unicorn",84
1003,"unicorn",96
1004,"unicorn",98
1005,"unicorn",94
1006,"unicorn",74
1007,"unicorn",82
1008,"unicorn",89
1009,"unicorn",90
1010,"unicorn",70
1011,"unicorn",96
1012,"unicorn",66
1013,"unicorn",72
1014,"unicorn",90
1015,"unicorn",81
1016,"unicorn",74
1017,"unicorn",83
1018,"unicorn",72
1019,"unicorn",84
1020,"unicorn",92
1021,"unicorn",63
1022,"unicorn",67
1023,"unicorn",52
1024,"unicorn",65
1025,"unicorn",81
1026,"unicorn",81
1027,"unicorn",86
1028,"unicorn",90
1029,"unicorn",85
1030,"unicorn",69
1031,"unicorn",73
1032,"unicorn",93
1033,"unicorn",93
1034,"unicorn",86
1035,"unicorn",86
1036,"unicorn",86
1037,"unicorn",87
1038,"unicorn",87
1039,"unicorn",91
1040,"unicorn",87
1041,"unicorn",85
1042,"unicorn",77
1043,"unicorn",69
1044,"unicorn",60
1045,"unicorn",90
1046,"unicorn",79
1047,"unicorn",86
1048,"unicorn",66
1049,"unicorn",89
1050,"unicorn",58
1051,"unicorn",70
1052,"unicorn",91
1053,"unicorn",59
1054,"unicorn",99
1055,"unicorn",78
1056,"unicorn",83
1057,"unicorn",88
1058,"unicorn",82
1059,"unicorn",99
1060,"unicorn",93
1061,"unicorn",81
1062,"unicorn",64
1063,"unicorn",77
1064,"unicorn",68
1065,"unicorn",92
1066,"unicorn",69
1067,"unicorn",83
1068,"unicorn",63
1069,"unicorn",88
1070,"unicorn",91
1071,"unicorn",98
1072,"unicorn",77
1073,"unicorn",80
1074,"unicorn",72
1075,"unicorn",65
1076,"unicorn",59
1077,"unicorn",69
1078,"unicorn",62
1079,"unicorn",79
1080,"unicorn",97
1081,"unicorn",82
1082,"unicorn",97
1083,"unicorn",92
1084,"unicorn",88
1085,"unicorn",88
1086,"unicorn",61
1087,"unicorn",81
1088,"unicorn",91
1089,"unicorn",88
1090,"unicorn",88
1091,"unicorn",77
1092,"unicorn",70
1093,"unicorn",86
1094,"unicorn",85
1095,"unicorn",71
1096,"unicorn",90
1097,"unicorn",82
1098,"unicorn",82
1099,"unicorn",89
1100,"unicorn",88
1101,"unicorn",84
1102,"unicorn",91
1103,"unicorn",81
1104,"unicorn",94
1105,"unicorn",74
1106,"unicorn",86
1107,"unicorn",64
1108,"unicorn",73
1109,"unicorn",87
1110,"unicorn",85
1111,"unicorn",69
1112,"unicorn",66
1113,"unicorn",72
1114,"unicorn",74
1115,"unicorn",97
1116,"unicorn",78
1117,"unicorn",95
1118,"unicorn",79
1119,"unicorn",88
1120,"unicorn",82
1121,"unicorn",93
1122,"unicorn",82
1123,"unicorn",44
1124,"unicorn",99
1125,"unicorn",96
1126,"unicorn",94
1127,"unicorn",27
1128,"unicorn",59
1129,"unicorn",82
1130,"unicorn",60
1131,"unicorn",68
1132,"unicorn",93
1133,"unicorn",92
1134,"unicorn",62
1135,"unicorn",63
1136,"unicorn",86
1137,"unicorn",61
1138,"unicorn",53
1139,"unicorn",94
1140,"unicorn",72
1141,"unicorn",80
1142,"unicorn",79
1143,"unicorn",83
1144,"unicorn",94
1145,"unicorn",74
1146,"unicorn",49
1147,"unicorn",41
1148,"unicorn",71
1149,"unicorn",89
1150,"unicorn",88
1151,"unicorn",88
1152,"unicorn",69
1153,"unicorn",83
1154,"unicorn",84
1155,"unicorn",78
1156,"unicorn",83
1157,"unicorn",88
1158,"unicorn",63
1159,"unicorn",87
1160,"unicorn",80
1161,"unicorn",84
1162,"unicorn",68
1163,"unicorn",77
1164,"unicorn",90
1165,"unicorn",94
1166,"unicorn",97
1167,"unicorn",89
1168,"unicorn",93
1169,"unicorn",65
1170,"unicorn",79
1171,"unicorn",85
1172,"unicorn",80
1173,"unicorn",91
1174,"unicorn",77
1175,"unicorn",77
1176,"unicorn",81
1177,"unicorn",80
1178,"unicorn",92
1179,"unicorn",61
1180,"unicorn",95
1181,"unicorn",71
1182,"unicorn",94
1183,"unicorn",73
1184,"unicorn",96
1185,"unicorn",84
1186,"unicorn",65
1187,"unicorn",63
1188,"unicorn",79
1189,"unicorn",83
1190,"unicorn",76
1191,"unicorn",96
1192,"unicorn",85
1193,"unicorn",96
1194,"unicorn",71
1195,"unicorn",85
1196,"unicorn",81
1197,"unicorn",33
1198,"unicorn",80
1199,"unicorn",88
1200,"unicorn",91
1201,"unicorn",97
1202,"unicorn",88
1203,"unicorn",66
1204,"unicorn",92
1205,"unicorn",93
1206,"unicorn",86
1207,"unicorn",77
1208,"unicorn",87
1209,"unicorn",75
1210,"unicorn",81
1211,"unicorn",92
1212,"unicorn",91
1213,"unicorn",72
1214,"unicorn",85
1215,"unicorn",57
1216,"unicorn",96
1217,"unicorn",74
1218,"unicorn",87
1219,"unicorn",73
1220,"unicorn",92
1221,"unicorn",94
1222,"unicorn",76
1223,"unicorn",84
1224,"unicorn",81
1225,"unicorn",82
1226,"unicorn",68
1227,"unicorn",92
1228,"unicorn",75
1229,"unicorn",87
1230,"unicorn",82
1231,"unicorn",70
1232,"unicorn",68
1233,"unicorn",97
1234,"unicorn",98
1235,"unicorn",81
1236,"unicorn",64
1237,"unicorn",77
1238,"unicorn",59
1239,"unicorn",73
1240,"unicorn",73
1241,"unicorn",39
1242,"unicorn",92
1243,"unicorn",90
1244,"unicorn",73
1245,"unicorn",76
1246,"unicorn",98
1247,"unicorn",70
1248,"unicorn",94
1249,"unicorn",93
1250,"unicorn",55
1251,"unicorn",89
1252,"unicorn",40
1253,"unicorn",87
1254,"unicorn",59
1255,"unicorn",49
1256,"unicorn",84
1257,"unicorn",87
1258,"unicorn",52
1259,"unicorn",81
1260,"unicorn",89
1261,"unicorn",92
1262,"unicorn",65
1263,"unicorn",46
1264,"unicorn",88
1265,"unicorn",76
1266,"unicorn",92
1267,"unicorn",79
1268,"unicorn",90
1269,"unicorn",73
1270,"unicorn",81
1271,"unicorn",47
1272,"unicorn",75
1273,"unicorn",86
1274,"unicorn",96
1275,"unicorn",86
1276,"unicorn",88
1277,"unicorn",72
1278,"unicorn",88
1279,"unicorn",76
1280,"unicorn",78
1281,"unicorn",74
1282,"unicorn",84
1283,"unicorn",54
1284,"unicorn",51
1285,"unicorn",93
1286,"unicorn",59
1287,"unicorn",89
1288,"unicorn",76
1289,"unicorn",71
1290,"unicorn",80
1291,"unicorn",78
1292,"unicorn",22
1293,"unicorn",80
1294,"unicorn",85
1295,"unicorn",79
1296,"unicorn",73
1297,"unicorn",88
1298,"unicorn",86
1299,"unicorn",85
1300,"unicorn",77
1301,"unicorn",86
1302,"unicorn",67
1303,"unicorn",75
1304,"unicorn",74
1305,"unicorn",96
1306,"unicorn",76
1307,"unicorn",82
1308,"unicorn",80
1309,"unicorn",62
1310,"unicorn",84
1311,"unicorn",88
1312,"unicorn",84
1313,"unicorn",65
1314,"unicorn",82
1315,"unicorn",86
1316,"unicorn",81
1317,"unicorn",49
1318,"unicorn",91
1319,"unicorn",84
1320,"unicorn",86
1321,"unicorn",62
1322,"unicorn",79
1323,"unicorn",83
1324,"unicorn",85
1325,"unicorn",90
1326,"unicorn",68
1327,"unicorn",80
1328,"unicorn",92
1329,"unicorn",87
1330,"unicorn",61
1331,"unicorn",92
1332,"unicorn",87
1333,"unicorn",65
1334,"unicorn",73
1335,"unicorn",88
1336,"unicorn",40
1337,"unicorn",93
1338,"unicorn",98
1339,"unicorn",75
1340,"unicorn",80
1341,"unicorn",91
1342,"unicorn",78
1343,"unicorn",75
1344,"unicorn",81
1345,"unicorn",90
1346,"unicorn",69
1347,"unicorn",50
1348,"unicorn",88
1349,"unicorn",79
1350,"unicorn",87
1351,"unicorn",81
1352,"unicorn",77
1353,"unicorn",82
1354,"unicorn",85
1355,"unicorn",86
1356,"unicorn",79
1357,"unicorn",83
1358,"unicorn",87
1359,"unicorn",74
1360,"unicorn",73
1361,"unicorn",77
1362,"unicorn",92
1363,"unicorn",73
1364,"unicorn",73
1365,"unicorn",84
1366,"unicorn",70
1367,"unicorn",74
1368,"unicorn",52
1369,"unicorn",86
1370,"unicorn",86
1371,"unicorn",85
1372,"unicorn",69
1373,"unicorn",75
1374,"unicorn",84
1375,"unicorn",95
1376,"unicorn",96
1377,"unicorn",80
1378,"unicorn",70
1379,"unicorn",67
1380,"unicorn",68
1381,"unicorn",80
1382,"unicorn",66
1383,"unicorn",74
1384,"unicorn",88
1385,"unicorn",60
1386,"unicorn",77
1387,"unicorn",81
1388,"unicorn",91
1389,"unicorn",55
1390,"unicorn",85
1391,"unicorn",81
1392,"unicorn",80
1393,"unicorn",81
1394,"unicorn",70
1395,"unicorn",62
1396,"unicorn",70
1397,"unicorn",95
1398,"unicorn",99
1399,"unicorn",85
1400,"unicorn",83
1401,"unicorn",82
1402,"unicorn",95
1403,"unicorn",89
1404,"unicorn",97
1405,"unicorn",70
1406,"unicorn",80
1407,"unicorn",97
1408,"unicorn",84
1409,"unicorn",64
1410,"unicorn",65
1411,"unicorn",72
1412,"unicorn",92
1413,"unicorn",80
1414,"unicorn",78
1415,"unicorn",87
1416,"unicorn",98
1417,"unicorn",92
1418,"unicorn",62
1419,"unicorn",95
1420,"unicorn",74
1421,"unicorn",94
1422,"unicorn",92
1423,"unicorn",71
1424,"unicorn",93
1425,"unicorn",70
1426,"unicorn",91
1427,"unicorn",85
1428,"unicorn",92
1429,"unicorn",67
1430,"unicorn",82
1431,"unicorn",71
1432,"unicorn",69
1433,"unicorn",80
1434,"unicorn",81
1435,"unicorn",69
1436,"unicorn",80
1437,"unicorn",73
1438,"unicorn",64
1439,"unicorn",67
1440,"unicorn",51
1441,"unicorn",97
1442,"unicorn",78
1443,"unicorn",90
1444,"unicorn",89
1445,"unicorn",71
1446,"unicorn",85
1447,"unicorn",84
1448,"unicorn",71
1449,"unicorn",65
1450,"unicorn",74
1451,"unicorn",76
1452,"unicorn",92
1453,"unicorn",79
1454,"unicorn",77
1455,"unicorn",98
1456,"unicorn",85
1457,"unicorn",74
1458,"unicorn",74
1459,"unicorn",84
1460,"unicorn",72
1461,"unicorn",66
1462,"unicorn",96
1463,"unicorn",79
1464,"unicorn",88
1465,"unicorn",80
1466,"unicorn",82
1467,"unicorn",97
1468,"unicorn",94
1469,"unicorn",75
1470,"unicorn",93
1471,"unicorn",45
1472,"unicorn",97
1473,"unicorn",91
1474,"unicorn",93
1475,"unicorn",79
1476,"unicorn",87
1477,"unicorn",80
1478,"unicorn",64
1479,"unicorn",67
1480,"unicorn",71
1481,"unicorn",75
1482,"unicorn",89
1483,"unicorn",85
1484,"unicorn",72
1485,"unicorn",99
1486,"unicorn",97
1487,"unicorn",86
1488,"unicorn",97
1489,"unicorn",78
1490,"unicorn",72
1491,"unicorn",56
1492,"unicorn",70
1493,"unicorn",70
1494,"unicorn",76
1495,"unicorn",79
1496,"unicorn",90
1497,"unicorn",66
1498,"unicorn",86
1499,"unicorn",84
1500,"unicorn",94
1501,"unicorn",58
1502,"unicorn",79
1503,"unicorn",81
1504,"unicorn",79
1505,"unicorn",88
1506,"unicorn",86
1507,"unicorn",65
1508,"unicorn",79
1509,"unicorn",76
1510,"unicorn",76
1511,"unicorn",77
1512,"unicorn",83
1513,"unicorn",70
1514,"unicorn",77
1515,"unicorn",70
1516,"unicorn",87
1517,"unicorn",77
1518,"unicorn",69
1519,"unicorn",82
1520,"unicorn",82
1521,"unicorn",86
1522,"unicorn",70
1523,"unicorn",76
1524,"unicorn",82
1525,"unicorn",78
1526,"unicorn",92
1527,"unicorn",62
1528,"unicorn",84
1529,"unicorn",78
1530,"unicorn",61
1531,"unicorn",84
1532,"unicorn",85
1533,"unicorn",77
1534,"unicorn",78
1535,"unicorn",77
1536,"unicorn",65
1537,"unicorn",66
1538,"unicorn",57
1539,"unicorn",93
1540,"unicorn",93
1541,"unicorn",74
1542,"unicorn",94
1543,"unicorn",83
1544,"unicorn",73
1545,"unicorn",83
1546,"unicorn",80
1547,"unicorn",76
1548,"unicorn",88
1549,"unicorn",100
1550,"unicorn",85
1551,"unicorn",89
1552,"unicorn",75
1553,"unicorn",88
1554,"unicorn",61
1555,"unicorn",86
1556,"unicorn",63
1557,"unicorn",83
1558,"unicorn",91
1559,"unicorn",66
1560,"unicorn",92
1561,"unicorn",86
1562,"unicorn",93
1563,"unicorn",78
1564,"unicorn",98
1565,"unicorn",61
1566,"unicorn",75
1567,"unicorn",97
1568,"unicorn",93
1569,"unicorn",73
1570,"unicorn",79
1571,"unicorn",66
1572,"unicorn",86
1573,"unicorn",53
1574,"unicorn",72
1575,"unicorn",54
1576,"unicorn",97
1577,"unicorn",71
1578,"unicorn",93
1579,"unicorn",81
1580,"unicorn",97
1581,"unicorn",87
1582,"unicorn",89
1583,"unicorn",74
1584,"unicorn",74
1585,"unicorn",86
1586,"unicorn",76
1587,"unicorn",88
1588,"unicorn",69
1589,"unicorn",67
1590,"unicorn",75
1591,"unicorn",92
1592,"unicorn",73
1593,"unicorn",93
1594,"unicorn",87
1595,"unicorn",86
1596,"unicorn",82
1597,"unicorn",37
1598,"unicorn",90
1599,"unicorn",71
1600,"unicorn",76
1601,"unicorn",70
1602,"unicorn",88
1603,"unicorn",86
1604,"unicorn",89
1605,"unicorn",98
1606,"unicorn",68
1607,"unicorn",86
1608,"unicorn",83
1609,"unicorn",68
1610,"unicorn",79
1611,"unicorn",82
1612,"unicorn",87
1613,"unicorn",78
1614,"unicorn",78
1615,"unicorn",73
1616,"unicorn",91
1617,"unicorn",86
1618,"unicorn",90
1619,"unicorn",96
1620,"unicorn",82
1621,"unicorn",87
1622,"unicorn",72
1623,"unicorn",65
1624,"unicorn",82
1625,"unicorn",86
1626,"unicorn",89
1627,"unicorn",84
1628,"unicorn",79
1629,"unicorn",86
1630,"unicorn",86
1631,"unicorn",79
1632,"unicorn",78
1633,"unicorn",86
1634,"unicorn",88
1635,"unicorn",76
1636,"unicorn",85
1637,"unicorn",48
1638,"unicorn",67
1639,"unicorn",87
1640,"unicorn",82
1641,"unicorn",75
1642,"unicorn",98
1643,"unicorn",92
1644,"unicorn",86
1645,"unicorn",73
1646,"unicorn",72
1647,"unicorn",89
1648,"unicorn",96
1649,"unicorn",90
1650,"unicorn",66
1651,"unicorn",79
1652,"unicorn",85
1653,"unicorn",73
1654,"unicorn",88
1655,"unicorn",71
1656,"unicorn",92
1657,"unicorn",99
1658,"unicorn",88
1659,"unicorn",95
1660,"unicorn",85
1661,"unicorn",77
1662,"unicorn",92
1663,"unicorn",87
1664,"unicorn",71
1665,"unicorn",70
1666,"unicorn",93
1667,"unicorn",92
1668,"unicorn",77
1669,"unicorn",66
1670,"unicorn",95
1671,"unicorn",97
1672,"unicorn",90
1673,"unicorn",80
1674,"unicorn",69
1675,"unicorn",82
1676,"unicorn",90
1677,"unicorn",78
1678,"unicorn",94
1679,"unicorn",99
1680,"unicorn",70
1681,"unicorn",88
1682,"unicorn",75
1683,"unicorn",81
1684,"unicorn",65
1685,"unicorn",84
1686,"unicorn",78
1687,"unicorn",90
1688,"unicorn",91
1689,"unicorn",84
1690,"unicorn",44
1691,"unicorn",86
1692,"unicorn",75
1693,"unicorn",51
1694,"unicorn",73
1695,"unicorn",71
1696,"unicorn",88
1697,"unicorn",78
1698,"unicorn",92
1699,"unicorn",89
1700,"unicorn",93
1701,"unicorn",86
1702,"unicorn",74
1703,"unicorn",82
1704,"unicorn",91
1705,"unicorn",91
1706,"unicorn",94
1707,"unicorn",73
1708,"unicorn",75
1709,"unicorn",95
1710,"unicorn",96
1711,"unicorn",81
1712,"unicorn",86
1713,"unicorn",93
1714,"unicorn",58
1715,"unicorn",81
1716,"unicorn",80
1717,"unicorn",69
1718,"unicorn",73
1719,"unicorn",85
1720,"unicorn",93
1721,"unicorn",54
1722,"unicorn",96
1723,"unicorn",49
1724,"unicorn",87
1725,"unicorn",83
1726,"unicorn",87
1727,"unicorn",79
1728,"unicorn",97
1729,"unicorn",84
1730,"unicorn",75
1731,"unicorn",78
1732,"unicorn",85
1733,"unicorn",93
1734,"unicorn",95
1735,"unicorn",92
1736,"unicorn",97
1737,"unicorn",78
1738,"unicorn",68
1739,"unicorn",96
1740,"unicorn",88
1741,"unicorn",89
1742,"unicorn",93
1743,"unicorn",95
1744,"unicorn",64
1745,"unicorn",57
1746,"unicorn",76
1747,"unicorn",84
1748,"unicorn",67
1749,"unicorn",83
1750,"unicorn",65
1751,"unicorn",92
1752,"unicorn",72
1753,"unicorn",60
1754,"unicorn",72
1755,"unicorn",88
1756,"unicorn",81
1757,"unicorn",88
1758,"unicorn",72
1759,"unicorn",84
1760,"unicorn",83
1761,"unicorn",88
1762,"unicorn",58
1763,"unicorn",74
1764,"unicorn",91
1765,"unicorn",76
1766,"unicorn",87
1767,"unicorn",78
1768,"unicorn",92
1769,"unicorn",76
1770,"unicorn",95
1771,"unicorn",95
1772,"unicorn",96
1773,"unicorn",70
1774,"unicorn",89
1775,"unicorn",97
1776,"unicorn",94
1777,"unicorn",57
1778,"unicorn",77
1779,"unicorn",77
1780,"unicorn",77
1781,"unicorn",100
1782,"unicorn",80
1783,"unicorn",95
1784,"unicorn",91
1785,"unicorn",96
1786,"unicorn",74
1787,"unicorn",71
1788,"unicorn",83
1789,"unicorn",87
1790,"unicorn",65
1791,"unicorn",94
1792,"unicorn",94
1793,"unicorn",100
1794,"unicorn",98
1795,"unicorn",86
1796,"unicorn",78
1797,"unicorn",85
1798,"unicorn",97
1799,"unicorn",93
1800,"unicorn",90
1801,"unicorn",62
1802,"unicorn",75
1803,"unicorn",90
1804,"unicorn",96
1805,"unicorn",82
1806,"unicorn",97
1807,"unicorn",89
1808,"unicorn",84
1809,"unicorn",62
1810,"unicorn",77
1811,"unicorn",83
1812,"unicorn",87
1813,"unicorn",69
1814,"unicorn",95
1815,"unicorn",85
1816,"unicorn",90
1817,"unicorn",95
1818,"unicorn",80
1819,"unicorn",91
1820,"unicorn",87
1821,"unicorn",84
1822,"unicorn",75
1823,"unicorn",72
1824,"unicorn",62
1825,"unicorn",81
1826,"unicorn",94
1827,"unicorn",81
1828,"unicorn",66
1829,"unicorn",95
1830,"unicorn",78
1831,"unicorn",93
1832,"unicorn",86
1833,"unicorn",92
1834,"unicorn",83
1835,"unicorn",96
1836,"unicorn",90
1837,"unicorn",65
1838,"unicorn",87
1839,"unicorn",88
1840,"unicorn",98
1841,"unicorn",81
1842,"unicorn",85
1843,"unicorn",82
1844,"unicorn",90
1845,"unicorn",89
1846,"unicorn",90
1847,"unicorn",86
1848,"unicorn",93
1849,"unicorn",56
1850,"unicorn",91
1851,"unicorn",95
1852,"unicorn",63
1853,"unicorn",88
1854,"unicorn",78
1855,"unicorn",65
1856,"unicorn",91
1857,"unicorn",76
1858,"unicorn",81
1859,"unicorn",93
1860,"unicorn",69
1861,"unicorn",98
1862,"unicorn",54
1863,"unicorn",83
1864,"unicorn",86
1865,"unicorn",74
1866,"unicorn",87
1867,"unicorn",83
1868,"unicorn",76
1869,"unicorn",81
1870,"unicorn",85
1871,"unicorn",91
1872,"unicorn",93
1873,"unicorn",87
1874,"unicorn",91
1875,"unicorn",61
1876,"unicorn",76
1877,"unicorn",82
1878,"unicorn",80
1879,"unicorn",91
1880,"unicorn",64
1881,"unicorn",65
1882,"unicorn",77
1883,"unicorn",77
1884,"unicorn",67
1885,"unicorn",72
1886,"unicorn",65
1887,"unicorn",86
1888,"unicorn",95
1889,"unicorn",81
1890,"unicorn",77
1891,"unicorn",81
1892,"unicorn",90
1893,"unicorn",86
1894,"unicorn",92
1895,"unicorn",74
1896,"unicorn",87
1897,"unicorn",79
1898,"unicorn",74
1899,"unicorn",87
1900,"unicorn",75
1901,"unicorn",92
1902,"unicorn",85
1903,"unicorn",75
1904,"unicorn",79
1905,"unicorn",74
1906,"unicorn",82
1907,"unicorn",77
1908,"unicorn",81
1909,"unicorn",62
1910,"unicorn",67
1911,"unicorn",80
1912,"unicorn",51
1913,"unicorn",77
1914,"unicorn",69
1915,"unicorn",76
1916,"unicorn",88
1917,"unicorn",66
1918,"unicorn",97
1919,"unicorn",91
1920,"unicorn",68
1921,"unicorn",95
1922,"unicorn",54
1923,"unicorn",94
1924,"unicorn",88
1925,"unicorn",94
1926,"unicorn",83
1927,"unicorn",79
1928,"unicorn",73
1929,"unicorn",86
1930,"unicorn",80
1931,"unicorn",75
1932,"unicorn",91
1933,"unicorn",89
1934,"unicorn",58
1935,"unicorn",86
1936,"unicorn",63
1937,"unicorn",76
1938,"unicorn",88
1939,"unicorn",70
1940,"unicorn",74
1941,"unicorn",85
1942,"unicorn",86
1943,"unicorn",84
1944,"unicorn",71
1945,"unicorn",81
1946,"unicorn",94
1947,"unicorn",75
1948,"unicorn",85
1949,"unicorn",93
1950,"unicorn",97
1951,"unicorn",87
1952,"unicorn",88
1953,"unicorn",67
1954,"unicorn",92
1955,"unicorn",82
1956,"unicorn",83
1957,"unicorn",93
1958,"unicorn",90
1959,"unicorn",91
1960,"unicorn",96
1961,"unicorn",73
1962,"unicorn",87
1963,"unicorn",87
1964,"unicorn",67
1965,"unicorn",89
1966,"unicorn",62
1967,"unicorn",85
1968,"unicorn",86
1969,"unicorn",77
1970,"unicorn",78
1971,"unicorn",82
1972,"unicorn",84
1973,"unicorn",73
1974,"unicorn",60
1975,"unicorn",85
1976,"unicorn",46
1977,"unicorn",90
1978,"unicorn",64
1979,"unicorn",85
1980,"unicorn",85
1981,"unicorn",85
1982,"unicorn",74
1983,"unicorn",97
1984,"unicorn",75
1985,"unicorn",96
1986,"unicorn",61
1987,"unicorn",69
1988,"unicorn",85
1989,"unicorn",84
1990,"unicorn",96
1991,"unicorn",89
1992,"unicorn",78
1993,"unicorn",91
1994,"unicorn",94
1995,"unicorn",72
1996,"unicorn",91
1997,"unicorn",87
1998,"unicorn",66
1999,"unicorn",99
2000,"unicorn",91
2001,"phoenix",20
2002,"phoenix",4
2003,"phoenix",19
2004,"phoenix",21
2005,"phoenix",10
2006,"phoenix",11
2007,"phoenix",19
2008,"phoenix",37
2009,"phoenix",10
2010,"phoenix",34
2011,"phoenix",3
2012,"phoenix",12
2013,"phoenix",18
2014,"phoenix",7
2015,"phoenix",9
2016,"phoenix",25
2017,"phoenix",2
2018,"phoenix",33
2019,"phoenix",22
2020,"phoenix",10
2021,"phoenix",32
2022,"phoenix",17
2023,"phoenix",29
2024,"phoenix",12
2025,"phoenix",40
2026,"phoenix",32
2027,"phoenix",45
2028,"phoenix",43
2029,"phoenix",51
2030,"phoenix",11
2031,"phoenix",33
2032,"phoenix",48
2033,"phoenix",3
2034,"phoenix",47
2035,"phoenix",8
2036,"phoenix",5
2037,"phoenix",18
2038,"phoenix",4
2039,"phoenix",10
2040,"phoenix",37
2041,"phoenix",21
2042,"phoenix",49
2043,"phoenix",25
2044,"phoenix",4
2045,"phoenix",7
2046,"phoenix",23
2047,"phoenix",14
2048,"phoenix",38
2049,"phoenix",22
2050,"phoenix",7
2051,"phoenix",13
2052,"phoenix",41
2053,"phoenix",9
2054,"phoenix",5
2055,"phoenix",30
2056,"phoenix",23
2057,"phoenix",10
2058,"phoenix",19
2059,"phoenix",22
2060,"phoenix",10
2061,"phoenix",26
2062,"phoenix",11
2063,"phoenix",15
2064,"phoenix",34
2065,"phoenix",16
2066,"phoenix",4
2067,"phoenix",16
2068,"phoenix",4
2069,"phoenix",13
2070,"phoenix",12
2071,"phoenix",29
2072,"phoenix",28
2073,"phoenix",23
2074,"phoenix",13
2075,"phoenix",1
2076,"phoenix",13
2077,"phoenix",10
2078,"phoenix",12
2079,"phoenix",50
2080,"phoenix",25
2081,"phoenix",18
2082,"phoenix",16
2083,"phoenix",5
2084,"phoenix",24
2085,"phoenix",15
2086,"phoenix",15
2087,"phoenix",42
2088,"phoenix",28
2089,"phoenix",19
2090,"phoenix",9
2091,"phoenix",19
2092,"phoenix",17
2093,"phoenix",62
2094,"phoenix",17
2095,"phoenix",23
2096,"phoenix",20
2097,"phoenix",5
2098,"phoenix",11
2099,"phoenix",8
2100,"phoenix",21
2101,"phoenix",13
2102,"phoenix",26
2103,"phoenix",9
2104,"phoenix",16
2105,"phoenix",38
2106,"phoenix",26
2107,"phoenix",22
2108,"phoenix",16
2109,"phoenix",5
2110,"phoenix",25
2111,"phoenix",44
2112,"phoenix",5
2113,"phoenix",12
2114,"phoenix",3
2115,"phoenix",17
2116,"phoenix",13
2117,"phoenix",27
2118,"phoenix",16
2119,"phoenix",51
2120,"phoenix",18
2121,"phoenix",49
2122,"phoenix",32
2123,"phoenix",32
2124,"phoenix",38
2125,"phoenix",12
2126,"phoenix",5
2127,"phoenix",36
2128,"phoenix",6
2129,"phoenix",9
2130,"phoenix",17
2131,"phoenix",30
2132,"phoenix",31
2133,"phoenix",3
2134,"phoenix",24
2135,"phoenix",3
2136,"phoenix",9
2137,"phoenix",15
2138,"phoenix",31
2139,"phoenix",10
2140,"phoenix",22
2141,"phoenix",31
2142,"phoenix",56
2143,"phoenix",12
2144,"phoenix",4
2145,"phoenix",7
2146,"phoenix",22
2147,"phoenix",24
2148,"phoenix",16
2149,"phoenix",21
2150,"phoenix",16
2151,"phoenix",14
2152,"phoenix",21
2153,"phoenix",6
2154,"phoenix",18
2155,"phoenix",20
2156,"phoenix",15
2157,"phoenix",25
2158,"phoenix",23
2159,"phoenix",26
2160,"phoenix",12
2161,"phoenix",7
2162,"phoenix",16
2163,"phoenix",27
2164,"phoenix",28
2165,"phoenix",7
2166,"phoenix",18
2167,"phoenix",5
2168,"phoenix",38
2169,"phoenix",9
2170,"phoenix",7
2171,"phoenix",20
2172,"phoenix",6
2173,"phoenix",23
2174,"phoenix",13
2175,"phoenix",12
2176,"phoenix",4
2177,"phoenix",44
2178,"phoenix",48
2179,"phoenix",19
2180,"phoenix",22
2181,"phoenix",26
2182,"phoenix",15
2183,"phoenix",29
2184,"phoenix",36
2185,"phoenix",39
2186,"phoenix",14
2187,"phoenix",26
2188,"phoenix",18
2189,"phoenix",6
2190,"phoenix",9
2191,"phoenix",16
2192,"phoenix",24
2193,"phoenix",47
2194,"phoenix",36
2195,"phoenix",6
2196,"phoenix",31
2197,"phoenix",9
2198,"phoenix",38
2199,"phoenix",9
2200,"phoenix",7
2201,"phoenix",21
2202,"phoenix",10
2203,"phoenix",8
2204,"phoenix",29
2205,"phoenix",15
2206,"phoenix",28
2207,"phoenix",12
2208,"phoenix",2
2209,"phoenix",9
2210,"phoenix",27
2211,"phoenix",21
2212,"phoenix",8
2213,"phoenix",19
2214,"phoenix",36
2215,"phoenix",10
2216,"phoenix",18
2217,"phoenix",27
2218,"phoenix",10
2219,"phoenix",25
2220,"phoenix",28
2221,"phoenix",36
2222,"phoenix",39
2223,"phoenix",30
2224,"phoenix",12
2225,"phoenix",57
2226,"phoenix",6
2227,"phoenix",13
2228,"phoenix",14
2229,"phoenix",9
2230,"phoenix",22
2231,"phoenix",32
2232,"phoenix",10
2233,"phoenix",26
2234,"phoenix",32
2235,"phoenix",22
2236,"phoenix",10
2237,"phoenix",8
2238,"phoenix",10
2239,"phoenix",29
2240,"phoenix",12
2241,"phoenix",8
2242,"phoenix",13
2243,"phoenix",19
2244,"phoenix",14
2245,"phoenix",23
2246,"phoenix",5
2247,"phoenix",12
2248,"phoenix",15
2249,"phoenix",33
2250,"phoenix",4
2251,"phoenix",11
2252,"phoenix",39
2253,"phoenix",25
2254,"phoenix",1
2255,"phoenix",24
2256,"phoenix",19
2257,"phoenix",8
2258,"phoenix",13
2259,"phoenix",24
2260,"phoenix",24
2261,"phoenix",32
2262,"phoenix",9
2263,"phoenix",14
2264,"phoenix",19
2265,"phoenix",22
2266,"phoenix",30
2267,"phoenix",17
2268,"phoenix",35
2269,"phoenix",24
2270,"phoenix",6
2271,"phoenix",26
2272,"phoenix",4
2273,"phoenix",12
2274,"phoenix",25
2275,"phoenix",6
2276,"phoenix",18
2277,"phoenix",19
2278,"phoenix",18
2279,"phoenix",9
2280,"phoenix",31
2281,"phoenix",34
2282,"phoenix",15
2283,"phoenix",27
2284,"phoenix",10
2285,"phoenix",20
2286,"phoenix",35
2287,"phoenix",24
2288,"phoenix",22
2289,"phoenix",11
2290,"phoenix",35
2291,"phoenix",24
2292,"phoenix",11
2293,"phoenix",19
2294,"phoenix",15
2295,"phoenix",32
2296,"phoenix",27
2297,"phoenix",3
2298,"phoenix",2
2299,"phoenix",11
2300,"phoenix",27
2301,"phoenix",17
2302,"phoenix",1
2303,"phoenix",17
2304,"phoenix",22
2305,"phoenix",47
2306,"phoenix",7
2307,"phoenix",16
2308,"phoenix",14
2309,"phoenix",55
2310,"phoenix",4
2311,"phoenix",42
2312,"phoenix",45
2313,"phoenix",18
2314,"phoenix",37
2315,"phoenix",29
2316,"phoenix",11
2317,"phoenix",11
2318,"phoenix",2
2319,"phoenix",49
2320,"phoenix",20
2321,"phoenix",12
2322,"phoenix",4
2323,"phoenix",12
2324,"phoenix",9
2325,"phoenix",6
2326,"phoenix",25
2327,"phoenix",14
2328,"phoenix",28
2329,"phoenix",10
2330,"phoenix",73
2331,"phoenix",19
2332,"phoenix",32
2333,"phoenix",5
2334,"phoenix",6
2335,"phoenix",14
2336,"phoenix",17
2337,"phoenix",39
2338,"phoenix",19
2339,"phoenix",15
2340,"phoenix",23
2341,"phoenix",18
2342,"phoenix",6
2343,"phoenix",22
2344,"phoenix",20
2345,"phoenix",18
2346,"phoenix",12
2347,"phoenix",34
2348,"phoenix",5
2349,"phoenix",34
2350,"phoenix",2
2351,"phoenix",33
2352,"phoenix",21
2353,"phoenix",1
2354,"phoenix",19
2355,"phoenix",11
2356,"phoenix",45
2357,"phoenix",4
2358,"phoenix",4
2359,"phoenix",17
2360,"phoenix",19
2361,"phoenix",12
2362,"phoenix",17
2363,"phoenix",16
2364,"phoenix",13
2365,"phoenix",11
2366,"phoenix",18
2367,"phoenix",41
2368,"phoenix",21
2369,"phoenix",7
2370,"phoenix",38
2371,"phoenix",17
2372,"phoenix",17
2373,"phoenix",23
2374,"phoenix",19
2375,"phoenix",4
2376,"phoenix",42
2377,"phoenix",26
2378,"phoenix",16
2379,"phoenix",6
2380,"phoenix",37
2381,"phoenix",31
2382,"phoenix",25
2383,"phoenix",8
2384,"phoenix",23
2385,"phoenix",16
2386,"phoenix",29
2387,"phoenix",28
2388,"phoenix",18
2389,"phoenix",5
2390,"phoenix",21
2391,"phoenix",3
2392,"phoenix",13
2393,"phoenix",29
2394,"phoenix",8
2395,"phoenix",8
2396,"phoenix",8
2397,"phoenix",10
2398,"phoenix",26
2399,"phoenix",30
2400,"phoenix",10
2401,"phoenix",13
2402,"phoenix",8
2403,"phoenix",11
2404,"phoenix",11
2405,"phoenix",32
2406,"phoenix",4
2407,"phoenix",36
2408,"phoenix",48
2409,"phoenix",17
2410,"phoenix",51
2411,"phoenix",26
2412,"phoenix",32
2413,"phoenix",15
2414,"phoenix",21
2415,"phoenix",16
2416,"phoenix",28
2417,"phoenix",18
2418,"phoenix",16
2419,"phoenix",34
2420,"phoenix",17
2421,"phoenix",14
2422,"phoenix",13
2423,"phoenix",6
2424,"phoenix",12
2425,"phoenix",15
2426,"phoenix",21
2427,"phoenix",12
2428,"phoenix",2
2429,"phoenix",28
2430,"phoenix",29
2431,"phoenix",16
2432,"phoenix",13
2433,"phoenix",10
2434,"phoenix",16
2435,"phoenix",19
2436,"phoenix",22
2437,"phoenix",17
2438,"phoenix",20
2439,"phoenix",8
2440,"phoenix",25
2441,"phoenix",43
2442,"phoenix",8
2443,"phoenix",25
2444,"phoenix",17
2445,"phoenix",37
2446,"phoenix",5
2447,"phoenix",12
2448,"phoenix",9
2449,"phoenix",13
2450,"phoenix",20
2451,"phoenix",9
2452,"phoenix",22
2453,"phoenix",37
2454,"phoenix",17
2455,"phoenix",27
2456,"phoenix",35
2457,"phoenix",9
2458,"phoenix",10
2459,"phoenix",21
2460,"phoenix",24
2461,"phoenix",20
2462,"phoenix",7
2463,"phoenix",7
2464,"phoenix",13
2465,"phoenix",14
2466,"phoenix",13
2467,"phoenix",7
2468,"phoenix",33
2469,"phoenix",23
2470,"phoenix",22
2471,"phoenix",41
2472,"phoenix",16
2473,"phoenix",18
2474,"phoenix",19
2475,"phoenix",10
2476,"phoenix",7
2477,"phoenix",27
2478,"phoenix",17
2479,"phoenix",20
2480,"phoenix",11
2481,"phoenix",14
2482,"phoenix",35
2483,"phoenix",7
2484,"phoenix",25
2485,"phoenix",11
2486,"phoenix",11
2487,"phoenix",6
2488,"phoenix",20
2489,"phoenix",35
2490,"phoenix",17
2491,"phoenix",16
2492,"phoenix",14
2493,"phoenix",42
2494,"phoenix",2
2495,"phoenix",13
2496,"phoenix",57
2497,"phoenix",31
2498,"phoenix",18
2499,"phoenix",31
2500,"phoenix",24
2501,"phoenix",29
2502,"phoenix",28
2503,"phoenix",55
2504,"phoenix",26
2505,"phoenix",15
2506,"phoenix",41
2507,"phoenix",10
2508,"phoenix",16
2509,"phoenix",1
2510,"phoenix",23
2511,"phoenix",32
2512,"phoenix",4
2513,"phoenix",9
2514,"phoenix",6
2515,"phoenix",15
2516,"phoenix",25
2517,"phoenix",14
2518,"phoenix",29
2519,"phoenix",9
2520,"phoenix",34
2521,"phoenix",22
2522,"phoenix",27
2523,"phoenix",19
2524,"phoenix",22
2525,"phoenix",30
2526,"phoenix",10
2527,"phoenix",8
2528,"phoenix",37
2529,"phoenix",21
2530,"phoenix",5
2531,"phoenix",9
2532,"phoenix",22
2533,"phoenix",45
2534,"phoenix",23
2535,"phoenix",20
2536,"phoenix",14
2537,"phoenix",11
2538,"phoenix",12
2539,"phoenix",28
2540,"phoenix",12
2541,"phoenix",23
2542,"phoenix",16
2543,"phoenix",23
2544,"phoenix",41
2545,"phoenix",36
2546,"phoenix",19
2547,"phoenix",8
2548,"phoenix",30
2549,"phoenix",22
2550,"phoenix",8
2551,"phoenix",37
2552,"phoenix",11
2553,"phoenix",0
2554,"phoenix",32
2555,"phoenix",14
2556,"phoenix",23
2557,"phoenix",8
2558,"phoenix",16
2559,"phoenix",12
2560,"phoenix",29
2561,"phoenix",28
2562,"phoenix",34
2563,"phoenix",27
2564,"phoenix",19
2565,"phoenix",19
2566,"phoenix",37
2567,"phoenix",19
2568,"phoenix",55
2569,"phoenix",28
2570,"phoenix",19
2571,"phoenix",8
2572,"phoenix",26
2573,"phoenix",29
2574,"phoenix",12
2575,"phoenix",8
2576,"phoenix",6
2577,"phoenix",9
2578,"phoenix",28
2579,"phoenix",9
2580,"phoenix",4
2581,"phoenix",1
2582,"phoenix",9
2583,"phoenix",28
2584,"phoenix",7
2585,"phoenix",25
2586,"phoenix",2
2587,"phoenix",18
2588,"phoenix",9
2589,"phoenix",20
2590,"phoenix",26
2591,"phoenix",23
2592,"phoenix",24
2593,"phoenix",26
2594,"phoenix",9
2595,"phoenix",48
2596,"phoenix",18
2597,"phoenix",17
2598,"phoenix",3
2599,"phoenix",23
2600,"phoenix",2
2601,"phoenix",17
2602,"phoenix",5
2603,"phoenix",10
2604,"phoenix",18
2605,"phoenix",29
2606,"phoenix",52
2607,"phoenix",14
2608,"phoenix",17
2609,"phoenix",17
2610,"phoenix",13
2611,"phoenix",16
2612,"phoenix",34
2613,"phoenix",18
2614,"phoenix",31
2615,"phoenix",12
2616,"phoenix",5
2617,"phoenix",29
2618,"phoenix",26
2619,"phoenix",58
2620,"phoenix",17
2621,"phoenix",4
2622,"phoenix",25
2623,"phoenix",5
2624,"phoenix",7
2625,"phoenix",14
2626,"phoenix",14
2627,"phoenix",6
2628,"phoenix",42
2629,"phoenix",25
2630,"phoenix",9
2631,"phoenix",10
2632,"phoenix",7
2633,"phoenix",26
2634,"phoenix",38
2635,"phoenix",14
2636,"phoenix",16
2637,"phoenix",24
2638,"phoenix",10
2639,"phoenix",22
2640,"phoenix",30
2641,"phoenix",14
2642,"phoenix",22
2643,"phoenix",27
2644,"phoenix",39
2645,"phoenix",15
2646,"phoenix",31
2647,"phoenix",12
2648,"phoenix",6
2649,"phoenix",9
2650,"phoenix",22
2651,"phoenix",4
2652,"phoenix",25
2653,"phoenix",2
2654,"phoenix",11
2655,"phoenix",39
2656,"phoenix",8
2657,"phoenix",49
2658,"phoenix",10
2659,"phoenix",15
2660,"phoenix",10
2661,"phoenix",43
2662,"phoenix",6
2663,"phoenix",34
2664,"phoenix",40
2665,"phoenix",15
2666,"phoenix",6
2667,"phoenix",34
2668,"phoenix",9
2669,"phoenix",9
2670,"phoenix",11
2671,"phoenix",9
2672,"phoenix",31
2673,"phoenix",26
2674,"phoenix",12
2675,"phoenix",42
2676,"phoenix",8
2677,"phoenix",17
2678,"phoenix",43
2679,"phoenix",9
2680,"phoenix",21
2681,"phoenix",10
2682,"phoenix",15
2683,"phoenix",19
2684,"phoenix",17
2685,"phoenix",40
2686,"phoenix",32
2687,"phoenix",36
2688,"phoenix",37
2689,"phoenix",50
2690,"phoenix",24
2691,"phoenix",15
2692,"phoenix",18
2693,"phoenix",30
2694,"phoenix",15
2695,"phoenix",15
2696,"phoenix",25
2697,"phoenix",6
2698,"phoenix",14
2699,"phoenix",27
2700,"phoenix",25
2701,"phoenix",5
2702,"phoenix",11
2703,"phoenix",7
2704,"phoenix",19
2705,"phoenix",49
2706,"phoenix",20
2707,"phoenix",17
2708,"phoenix",12
2709,"phoenix",22
2710,"phoenix",15
2711,"phoenix",9
2712,"phoenix",31
2713,"phoenix",13
2714,"phoenix",37
2715,"phoenix",14
2716,"phoenix",18
2717,"phoenix",10
2718,"phoenix",15
2719,"phoenix",27
2720,"phoenix",3
2721,"phoenix",8
2722,"phoenix",25
2723,"phoenix",8
2724,"phoenix",40
2725,"phoenix",8
2726,"phoenix",10
2727,"phoenix",17
2728,"phoenix",16
2729,"phoenix",16
2730,"phoenix",27
2731,"phoenix",30
2732,"phoenix",3
2733,"phoenix",50
2734,"phoenix",11
2735,"phoenix",3
2736,"phoenix",4
2737,"phoenix",3
2738,"phoenix",25
2739,"phoenix",32
2740,"phoenix",25
2741,"phoenix",13
2742,"phoenix",8
2743,"phoenix",24
2744,"phoenix",26
2745,"phoenix",2
2746,"phoenix",39
2747,"phoenix",12
2748,"phoenix",18
2749,"phoenix",8
2750,"phoenix",32
2751,"phoenix",15
2752,"phoenix",5
2753,"phoenix",25
2754,"phoenix",4
2755,"phoenix",17
2756,"phoenix",20
2757,"phoenix",29
2758,"phoenix",6
2759,"phoenix",26
2760,"phoenix",19
2761,"phoenix",24
2762,"phoenix",30
2763,"phoenix",15
2764,"phoenix",2
2765,"phoenix",27
2766,"phoenix",5
2767,"phoenix",7
2768,"phoenix",30
2769,"phoenix",34
2770,"phoenix",15
2771,"phoenix",4
2772,"phoenix",1
2773,"phoenix",5
2774,"phoenix",11
2775,"phoenix",9
2776,"phoenix",10
2777,"phoenix",28
2778,"phoenix",46
2779,"phoenix",14
2780,"phoenix",6
2781,"phoenix",7
2782,"phoenix",35
2783,"phoenix",5
2784,"phoenix",25
2785,"phoenix",40
2786,"phoenix",11
2787,"phoenix",12
2788,"phoenix",28
2789,"phoenix",17
2790,"phoenix",31
2791,"phoenix",17
2792,"phoenix",17
2793,"phoenix",29
2794,"phoenix",2
2795,"phoenix",34
2796,"phoenix",11
2797,"phoenix",21
2798,"phoenix",51
2799,"phoenix",61
2800,"phoenix",3
2801,"phoenix",5
2802,"phoenix",28
2803,"phoenix",12
2804,"phoenix",14
2805,"phoenix",14
2806,"phoenix",7
2807,"phoenix",16
2808,"phoenix",35
2809,"phoenix",24
2810,"phoenix",34
2811,"phoenix",3
2812,"phoenix",22
2813,"phoenix",33
2814,"phoenix",10
2815,"phoenix",36
2816,"phoenix",29
2817,"phoenix",26
2818,"phoenix",4
2819,"phoenix",15
2820,"phoenix",2
2821,"phoenix",20
2822,"phoenix",8
2823,"phoenix",5
2824,"phoenix",23
2825,"phoenix",4
2826,"phoenix",9
2827,"phoenix",17
2828,"phoenix",11
2829,"phoenix",8
2830,"phoenix",31
2831,"phoenix",8
2832,"phoenix",18
2833,"phoenix",40
2834,"phoenix",26
2835,"phoenix",4
2836,"phoenix",30
2837,"phoenix",24
2838,"phoenix",18
2839,"phoenix",10
2840,"phoenix",10
2841,"phoenix",9
2842,"phoenix",6
2843,"phoenix",30
2844,"phoenix",6
2845,"phoenix",27
2846,"phoenix",10
2847,"phoenix",37
2848,"phoenix",42
2849,"phoenix",20
2850,"phoenix",27
2851,"phoenix",25
2852,"phoenix",5
2853,"phoenix",36
2854,"phoenix",35
2855,"phoenix",9
2856,"phoenix",8
2857,"phoenix",26
2858,"phoenix",8
2859,"phoenix",23
2860,"phoenix",32
2861,"phoenix",16
2862,"phoenix",18
2863,"phoenix",11
2864,"phoenix",16
2865,"phoenix",13
2866,"phoenix",31
2867,"phoenix",14
2868,"phoenix",17
2869,"phoenix",10
2870,"phoenix",12
2871,"phoenix",18
2872,"phoenix",8
2873,"phoenix",7
2874,"phoenix",15
2875,"phoenix",32
2876,"phoenix",10
2877,"phoenix",3
2878,"phoenix",13
2879,"phoenix",26
2880,"phoenix",37
2881,"phoenix",14
2882,"phoenix",46
2883,"phoenix",14
2884,"phoenix",38
2885,"phoenix",42
2886,"phoenix",6
2887,"phoenix",56
2888,"phoenix",19
2889,"phoenix",29
2890,"phoenix",19
2891,"phoenix",11
2892,"phoenix",8
2893,"phoenix",20
2894,"phoenix",30
2895,"phoenix",14
2896,"phoenix",28
2897,"phoenix",15
2898,"phoenix",2
2899,"phoenix",5
2900,"phoenix",9
2901,"phoenix",23
2902,"phoenix",3
2903,"phoenix",29
2904,"phoenix",13
2905,"phoenix",39
2906,"phoenix",40
2907,"phoenix",20
2908,"phoenix",15
2909,"phoenix",17
2910,"phoenix",30
2911,"phoenix",26
2912,"phoenix",18
2913,"phoenix",1
2914,"phoenix",25
2915,"phoenix",30
2916,"phoenix",9
2917,"phoenix",31
2918,"phoenix",7
2919,"phoenix",9
2920,"phoenix",17
2921,"phoenix",8
2922,"phoenix",8
2923,"phoenix",51
2924,"phoenix",7
2925,"phoenix",24
2926,"phoenix",5
2927,"phoenix",20
2928,"phoenix",30
2929,"phoenix",44
2930,"phoenix",7
2931,"phoenix",11
2932,"phoenix",38
2933,"phoenix",31
2934,"phoenix",16
2935,"phoenix",21
2936,"phoenix",13
2937,"phoenix",34
2938,"phoenix",26
2939,"phoenix",19
2940,"phoenix",10
2941,"phoenix",25
2942,"phoenix",16
2943,"phoenix",3
2944,"phoenix",9
2945,"phoenix",4
2946,"phoenix",11
2947,"phoenix",6
2948,"phoenix",12
2949,"phoenix",48
2950,"phoenix",8
2951,"phoenix",11
2952,"phoenix",11
2953,"phoenix",16
2954,"phoenix",32
2955,"phoenix",5
2956,"phoenix",20
2957,"phoenix",4
2958,"phoenix",37
2959,"phoenix",24
2960,"phoenix",17
2961,"phoenix",41
2962,"phoenix",31
2963,"phoenix",7
2964,"phoenix",12
2965,"phoenix",8
2966,"phoenix",24
2967,"phoenix",22
2968,"phoenix",5
2969,"phoenix",21
2970,"phoenix",27
2971,"phoenix",10
2972,"phoenix",34
2973,"phoenix",10
2974,"phoenix",25
2975,"phoenix",9
2976,"phoenix",3
2977,"phoenix",2
2978,"phoenix",37
2979,"phoenix",21
2980,"phoenix",27
2981,"phoenix",2
2982,"phoenix",18
2983,"phoenix",22
2984,"phoenix",11
2985,"phoenix",36
2986,"phoenix",20
2987,"phoenix",23
2988,"phoenix",23
2989,"phoenix",18
2990,"phoenix",21
2991,"phoenix",21
2992,"phoenix",17
2993,"phoenix",18
2994,"phoenix",37
2995,"phoenix",17
2996,"phoenix",10
2997,"phoenix",19
2998,"phoenix",6
2999,"phoenix",62
3000,"phoenix",20
